1,p255,Dogs
1,p372,Birds
1,p106,Reptiles
1,p641,Reptiles
1,p54,Birds
1,p687,Cats
1,p561,Reptiles
1,p320,Dogs
1,p673,Dogs
1,p381,Cats
1,p562,Birds
1,p364,Cats
1,p195,Fish
1,p431,Dogs
1,p553,Dogs
1,p130,Birds
1,p686,Cats
1,p471,Birds
1,p255,Cats
1,p420,Fish
1,p502,Cats
1,p49,Birds
1,p538,Cats
1,p117,Reptiles
1,p477,Reptiles
1,p608,Cats
1,p196,Cats
1,p759,Birds
1,p846,Cats
1,p267,Reptiles
1,p617,Fish
1,p415,Reptiles
1,p582,Fish
1,p131,Reptiles
1,p338,Fish
1,p41,Reptiles
1,p21,Birds
1,p931,Reptiles
1,p910,Fish
1,p749,Birds
1,p27,Reptiles
1,p972,Fish
1,p575,Dogs
1,p918,Reptiles
1,p421,Fish
1,p251,Reptiles
1,p634,Fish
1,p563,Reptiles
1,p663,Fish
1,p1,Dogs
1,p720,Fish
1,p36,Reptiles
1,p653,Reptiles
1,p478,Dogs
1,p562,Cats
1,p523,Dogs
1,p659,Reptiles
1,p634,Cats
1,p648,Birds
1,p900,Cats
1,p531,Birds
1,p680,Cats
1,p794,Reptiles
1,p42,Reptiles
1,p540,Fish
1,p216,Fish
1,p319,Cats
1,p168,Cats
1,p920,Fish
1,p937,Cats
1,p906,Cats
1,p457,Dogs
1,p415,Fish
1,p328,Fish
1,p277,Reptiles
1,p52,Birds
1,p184,Reptiles
1,p937,Dogs
1,p309,Fish
1,p432,Reptiles
1,p310,Dogs
1,p800,Fish
1,p740,Fish
1,p352,Cats
1,p623,Reptiles
1,p43,Reptiles
1,p605,Cats
1,p980,Fish
1,p1,Birds
1,p591,Cats
1,p442,Birds
1,p444,Cats
1,p222,Reptiles
1,p804,Birds
1,p33,Reptiles
1,p825,Cats
1,p838,Birds
1,p615,Cats
1,p453,Dogs
1,p505,Fish
1,p180,Birds
1,p564,Fish
1,p760,Reptiles
1,p943,Cats
1,p394,Reptiles
1,p173,Fish
1,p70,Fish
1,p613,Cats
1,p742,Cats
1,p90,Birds
1,p573,Reptiles
1,p663,Cats
1,p974,Dogs
1,p830,Reptiles
1,p727,Fish
1,p806,Birds
1,p768,Birds
1,p835,Dogs
1,p121,Cats
1,p493,Reptiles
1,p867,Cats
1,p354,Dogs
1,p774,Reptiles
1,p188,Fish
1,p410,Fish
1,p874,Reptiles
1,p724,Fish
1,p615,Fish
1,p96,Dogs
1,p612,Reptiles
1,p592,Dogs
1,p609,Cats
1,p757,Cats
1,p360,Birds
1,p797,Reptiles
1,p323,Fish
1,p334,Reptiles
1,p222,Dogs
1,p647,Reptiles
1,p267,Cats
1,p300,Birds
1,p660,Fish
1,p782,Reptiles
1,p331,Fish
1,p468,Birds
1,p744,Cats
1,p733,Dogs
1,p432,Cats
1,p820,Dogs
1,p34,Fish
1,p194,Reptiles
1,p595,Birds
1,p325,Cats
1,p1,Birds
1,p176,Dogs
1,p127,Reptiles
1,p645,Reptiles
1,p863,Birds
1,p359,Reptiles
1,p848,Reptiles
1,p636,Birds
1,p706,Reptiles
1,p524,Cats
1,p652,Fish
1,p87,Fish
1,p705,Fish
1,p445,Fish
1,p361,Birds
1,p362,Dogs
1,p825,Fish
1,p869,Dogs
1,p675,Dogs
1,p838,Reptiles
1,p794,Cats
1,p373,Fish
1,p488,Cats
1,p50,Birds
1,p306,Birds
1,p43,Cats
1,p186,Birds
1,p423,Fish
1,p85,Cats
1,p979,Birds
1,p240,Dogs
1,p588,Birds
1,p54,Birds
1,p972,Cats
1,p794,Fish
1,p241,Dogs
1,p342,Cats
1,p261,Cats
1,p200,Birds
1,p256,Birds
1,p287,Reptiles
1,p630,Dogs
1,p710,Reptiles
1,p925,Reptiles
1,p156,Dogs
1,p507,Birds
1,p293,Birds
